Job Title,Company,Location,Posted Time,Job URL
"Software Engineering Intern (Bachelors, 6-month Co-Op, Summer 2025)",Sandisk,"Rochester, MN",2 weeks ago,https://www.linkedin.com/jobs/view/software-engineering-intern-bachelors-6-month-co-op-summer-2025-at-sandisk-4168910290?position=1&pageNum=0&refId=tvbCSK5k6Wu%2BpuBc2yiD0Q%3D%3D&trackingId=OQBpdrDj%2BPAwJGn67FWVbw%3D%3D
Software Engineering Intern - Packet Forwarding Team (Summer 2025),Juniper Networks,"Sunnyvale, CA",3 days ago,https://www.linkedin.com/jobs/view/software-engineering-intern-packet-forwarding-team-summer-2025-at-juniper-networks-4182748393?position=2&pageNum=0&refId=tvbCSK5k6Wu%2BpuBc2yiD0Q%3D%3D&trackingId=2w%2BJ%2BGaISllS7zVPCewDiA%3D%3D
Software Engineering Intern - RAG & Automation (Summer 2025),Juniper Networks,"Sunnyvale, CA",N/A,https://www.linkedin.com/jobs/view/software-engineering-intern-rag-automation-summer-2025-at-juniper-networks-4185833265?position=3&pageNum=0&refId=tvbCSK5k6Wu%2BpuBc2yiD0Q%3D%3D&trackingId=EfVhn9t6HsZycq8S%2BUflUg%3D%3D
,,,,https://www.linkedin.com/jobs/view/intern-software-engineer-supply-chain-summer-2025-at-lucid-motors-4151852441?position=4&pageNum=0&refId=tvbCSK5k6Wu%2BpuBc2yiD0Q%3D%3D&trackingId=FfRsJTq%2FMfnuONaIN9Nxyg%3D%3D
,,,,https://www.linkedin.com/jobs/view/intern-software-engineer-supply-chain-summer-2025-at-lucid-motors-europe-4157793073?position=5&pageNum=0&refId=tvbCSK5k6Wu%2BpuBc2yiD0Q%3D%3D&trackingId=t8OMMwJk0AQk%2FziHcxFqfQ%3D%3D
,,,,https://www.linkedin.com/jobs/view/software-engineering-intern-subscription-management-platform-at-cisco-thousandeyes-4173685131?position=6&pageNum=0&refId=tvbCSK5k6Wu%2BpuBc2yiD0Q%3D%3D&trackingId=h46lzrHb3ecCbeRiY%2BsrHg%3D%3D
,,,,https://www.linkedin.com/jobs/view/software-engineering-intern-nrec-at-carnegie-mellon-university-4144970349?position=7&pageNum=0&refId=tvbCSK5k6Wu%2BpuBc2yiD0Q%3D%3D&trackingId=hiDfzTfl8pFxryYUVDKc5g%3D%3D
,,,,https://www.linkedin.com/jobs/view/software-engineering-intern-central-management-office-at-uplift-education-4175589460?position=8&pageNum=0&refId=tvbCSK5k6Wu%2BpuBc2yiD0Q%3D%3D&trackingId=7ZiWkRB3sw0xwncGoRE%2Fkw%3D%3D
,,,,https://www.linkedin.com/jobs/view/software-engineering-intern-network-security-group-summer-2025-at-juniper-networks-4178402656?position=9&pageNum=0&refId=tvbCSK5k6Wu%2BpuBc2yiD0Q%3D%3D&trackingId=tUlUQGOGGbq3S4R3WDgiXg%3D%3D
,,,,https://www.linkedin.com/jobs/view/strategic-student-program-xcelerator-security-software-engineering-intern-summer-2025-fto-at-siemens-eda-siemens-digital-industries-software-4171424337?position=10&pageNum=0&refId=tvbCSK5k6Wu%2BpuBc2yiD0Q%3D%3D&trackingId=Zon0G3QQUjf3XPCKTbjFcA%3D%3D
,,,,https://www.linkedin.com/jobs/view/engineering-engines-intern-%E2%80%93-computer-or-software-engineering-%E2%80%93-us-%E2%80%93-summer-2026-returning-students-at-ge-aerospace-4181016950?position=11&pageNum=0&refId=tvbCSK5k6Wu%2BpuBc2yiD0Q%3D%3D&trackingId=WWn2%2F2%2FXY2cHJAGK8ZMUng%3D%3D
,,,,https://www.linkedin.com/jobs/view/software-project-management-intern-at-leepfrog-technologies-4150916693?position=12&pageNum=0&refId=tvbCSK5k6Wu%2BpuBc2yiD0Q%3D%3D&trackingId=6FDYJHc1toQ4fvPaiPlvmA%3D%3D
,,,,https://www.linkedin.com/jobs/view/systems-engineer-intern-cec-at-epsilon-systems-solutions-inc-4162013031?position=13&pageNum=0&refId=tvbCSK5k6Wu%2BpuBc2yiD0Q%3D%3D&trackingId=pnQmQmSTllXTeZTsLiEMAw%3D%3D
,,,,https://www.linkedin.com/jobs/view/machine-learning-engineer-intern-summer-2025-at-turion-space-4139288564?position=14&pageNum=0&refId=tvbCSK5k6Wu%2BpuBc2yiD0Q%3D%3D&trackingId=4HjM3MH%2FCcPr%2FMTJRt4ogw%3D%3D
,,,,https://www.linkedin.com/jobs/view/strategic-student-program-software-development-intern-summer-2025-ebs-at-siemens-digital-industries-software-4107668711?position=15&pageNum=0&refId=tvbCSK5k6Wu%2BpuBc2yiD0Q%3D%3D&trackingId=JygWmfW9nJuHdGc%2BdmWaBA%3D%3D
,,,,https://www.linkedin.com/jobs/view/software-education-intern-at-the-reynolds-and-reynolds-company-4127257264?position=16&pageNum=0&refId=tvbCSK5k6Wu%2BpuBc2yiD0Q%3D%3D&trackingId=xtiTbntJUfMO4Fd%2FqchYhg%3D%3D
,,,,https://www.linkedin.com/jobs/view/intern-software-engineering-pss-at-federal-signal-corporation-4173898891?position=17&pageNum=0&refId=tvbCSK5k6Wu%2BpuBc2yiD0Q%3D%3D&trackingId=13mgRE51kFl8QYeGRrOlHg%3D%3D
,,,,https://www.linkedin.com/jobs/view/software-management-information-systems-intern-summer-2025-at-retensa-employee-retention-4149195869?position=18&pageNum=0&refId=tvbCSK5k6Wu%2BpuBc2yiD0Q%3D%3D&trackingId=o3jq6t98sBZ%2BURho1gQIWA%3D%3D
,,,,https://www.linkedin.com/jobs/view/video-experience-software-engineer-intern-global-streamingmedia-2025-summer-fall-bs-ms-at-bytedance-4182903401?position=19&pageNum=0&refId=tvbCSK5k6Wu%2BpuBc2yiD0Q%3D%3D&trackingId=ClEQyG74CG6%2FVc%2F8gB4nag%3D%3D
,,,,https://www.linkedin.com/jobs/view/intern-software-project-management-summer-2025-at-biom%C3%A9rieux-4181828027?position=20&pageNum=0&refId=tvbCSK5k6Wu%2BpuBc2yiD0Q%3D%3D&trackingId=MtQiNl1zGZ9%2FzTZ0CXvQCQ%3D%3D
,,,,https://www.linkedin.com/jobs/view/software-marketing-intern-at-assa-abloy-group-4181858388?position=21&pageNum=0&refId=tvbCSK5k6Wu%2BpuBc2yiD0Q%3D%3D&trackingId=4ZvTUrbq5eplsn8GpeonsA%3D%3D
,,,,https://www.linkedin.com/jobs/view/scientific-software-development-intern-coarse-grained-modeling-of-lipid-nanoparticles-at-schr%C3%B6dinger-4174195220?position=22&pageNum=0&refId=tvbCSK5k6Wu%2BpuBc2yiD0Q%3D%3D&trackingId=lSvU2E%2Bg4o00qSt6vbMs6A%3D%3D
,,,,https://www.linkedin.com/jobs/view/r-d-network-test-software-intern-at-keysight-technologies-4165623876?position=23&pageNum=0&refId=tvbCSK5k6Wu%2BpuBc2yiD0Q%3D%3D&trackingId=8rYIdP409%2BS%2BP2Zd7HFALQ%3D%3D
,,,,https://www.linkedin.com/jobs/view/vehicle-control-software-intern-at-hyundai-america-technical-center-inc-hatci-4143057489?position=24&pageNum=0&refId=tvbCSK5k6Wu%2BpuBc2yiD0Q%3D%3D&trackingId=g%2FrqR1i5pEKV%2FJ89rpoMXg%3D%3D
,,,,https://www.linkedin.com/jobs/view/cds-summer-intern-it-member-communications-transactional-at-costco-wholesale-4177331441?position=25&pageNum=0&refId=tvbCSK5k6Wu%2BpuBc2yiD0Q%3D%3D&trackingId=UYkqMr5SlDMZbpvdIRMuDA%3D%3D
,,,,https://www.linkedin.com/jobs/view/estimating-intern-weeks-dredging-division-summer-2025-at-weeks-marine-inc-4153089846?position=26&pageNum=0&refId=tvbCSK5k6Wu%2BpuBc2yiD0Q%3D%3D&trackingId=FMzRA6OS80oxrvt0ITJ2ag%3D%3D
,,,,https://www.linkedin.com/jobs/view/sustaining-engineering-intern-summer-at-formlabs-4152627747?position=27&pageNum=0&refId=tvbCSK5k6Wu%2BpuBc2yiD0Q%3D%3D&trackingId=67haMKpDxBSpm9pKYUqm3Q%3D%3D
,,,,https://www.linkedin.com/jobs/view/cds-summer-intern-it-member-communications-transactional-at-costco-it-4176562186?position=28&pageNum=0&refId=tvbCSK5k6Wu%2BpuBc2yiD0Q%3D%3D&trackingId=rfYw5oOLy%2BBVViYPAGkz6w%3D%3D
,,,,https://www.linkedin.com/jobs/view/product-management-intern-workforce-services-and-solutions-at-hp-4063340069?position=29&pageNum=0&refId=tvbCSK5k6Wu%2BpuBc2yiD0Q%3D%3D&trackingId=Ak4PMvASnEA7ViZzShftCg%3D%3D
,,,,https://www.linkedin.com/jobs/view/sustainability-summer-intern-at-syska-hennessy-group-4099134023?position=30&pageNum=0&refId=tvbCSK5k6Wu%2BpuBc2yiD0Q%3D%3D&trackingId=Ee9UfYSyUiLCFqtHxureuw%3D%3D
,,,,https://www.linkedin.com/jobs/view/traffic-transportation-intern-at-city-of-san-carlos-4175195736?position=31&pageNum=0&refId=tvbCSK5k6Wu%2BpuBc2yiD0Q%3D%3D&trackingId=VLiAbBLCIitUS6sn7QjmqA%3D%3D
,,,,https://www.linkedin.com/jobs/view/sales-analytics-intern-at-hp-4173385483?position=32&pageNum=0&refId=tvbCSK5k6Wu%2BpuBc2yiD0Q%3D%3D&trackingId=jMA4vvmDW53h%2BUyIG9MriQ%3D%3D
,,,N/A,https://www.linkedin.com/jobs/view/sales-intern-%E2%80%93-reputation-management-software-at-boda-insights-4182841874?position=33&pageNum=0&refId=tvbCSK5k6Wu%2BpuBc2yiD0Q%3D%3D&trackingId=JsDAUQrTZBm5GoQX40RVgQ%3D%3D
,,,,https://www.linkedin.com/jobs/view/software-engineer-ai-intern-summer-2025-at-notion-4164549864?position=34&pageNum=0&refId=tvbCSK5k6Wu%2BpuBc2yiD0Q%3D%3D&trackingId=goAg94zS30j%2B5Nf52gB3HA%3D%3D
,,,,https://www.linkedin.com/jobs/view/software-engineer-ai-intern-summer-2025-at-notion-4164559934?position=35&pageNum=0&refId=tvbCSK5k6Wu%2BpuBc2yiD0Q%3D%3D&trackingId=a2%2FzInLchiXLTiNa51Tflw%3D%3D
,,,,https://www.linkedin.com/jobs/view/software-engineering-intern-summer-2025-at-acorns-4096785875?position=36&pageNum=0&refId=tvbCSK5k6Wu%2BpuBc2yiD0Q%3D%3D&trackingId=NKcEyAWQCOSmv4H00AvQLg%3D%3D
,,,N/A,https://www.linkedin.com/jobs/view/software-engineer-intern-at-structured-labs-4182296299?position=37&pageNum=0&refId=tvbCSK5k6Wu%2BpuBc2yiD0Q%3D%3D&trackingId=EBP%2F4K84oQkT62CbG4VwGQ%3D%3D
,,,,https://www.linkedin.com/jobs/view/software-engineering-intern-summer-fall-2025-at-walt-disney-world-4178602874?position=38&pageNum=0&refId=tvbCSK5k6Wu%2BpuBc2yiD0Q%3D%3D&trackingId=rI2aOOAWXOzd4WlKfT8pQw%3D%3D
,,,,https://www.linkedin.com/jobs/view/software-engineer-intern-summer-2025-at-block-4172387915?position=39&pageNum=0&refId=tvbCSK5k6Wu%2BpuBc2yiD0Q%3D%3D&trackingId=MqhtvB2%2FimNiOk77AEdM8Q%3D%3D
,,,,https://www.linkedin.com/jobs/view/software-engineering-intern-summer-2025-at-reddit-inc-4184815899?position=40&pageNum=0&refId=tvbCSK5k6Wu%2BpuBc2yiD0Q%3D%3D&trackingId=dOcDrSB0eNTbxI%2F2guoVWg%3D%3D
,,,,https://www.linkedin.com/jobs/view/software-engineer-intern-summer-2025-at-okta-4153075214?position=41&pageNum=0&refId=tvbCSK5k6Wu%2BpuBc2yiD0Q%3D%3D&trackingId=N0qbMvSZONgWaWK4oZWNig%3D%3D
,,,,https://www.linkedin.com/jobs/view/software-engineer-intern-summer-2025-at-okta-4153075249?position=42&pageNum=0&refId=tvbCSK5k6Wu%2BpuBc2yiD0Q%3D%3D&trackingId=iQVqGzvYnavCcb2TRrYjig%3D%3D
,,,,https://www.linkedin.com/jobs/view/2025-intern-software-engineer-at-adobe-4002609871?position=43&pageNum=0&refId=tvbCSK5k6Wu%2BpuBc2yiD0Q%3D%3D&trackingId=fFKQ%2B%2Fl09yXRU6eqlgTETQ%3D%3D
,,,,https://www.linkedin.com/jobs/view/software-engineering-intern-summer-2025-at-juniper-networks-4168379284?position=44&pageNum=0&refId=tvbCSK5k6Wu%2BpuBc2yiD0Q%3D%3D&trackingId=DgQy7ryaAvluQDZTOLW6Dg%3D%3D
,,,,https://www.linkedin.com/jobs/view/software-engineer-intern-summer-2025-at-nextdoor-4143824091?position=45&pageNum=0&refId=tvbCSK5k6Wu%2BpuBc2yiD0Q%3D%3D&trackingId=6AsKLcrMLixFDHUjdi8Ekg%3D%3D
,,,,https://www.linkedin.com/jobs/view/software-engineer-intern-at-ziprecruiter-4134409289?position=46&pageNum=0&refId=tvbCSK5k6Wu%2BpuBc2yiD0Q%3D%3D&trackingId=I9A2VoyfRMAVoU%2F2qLGl6A%3D%3D
,,,,https://www.linkedin.com/jobs/view/software-engineering-intern-summer-2025-at-sigma-4054800372?position=47&pageNum=0&refId=tvbCSK5k6Wu%2BpuBc2yiD0Q%3D%3D&trackingId=wBxX%2FCObfBNSJo%2FoQyhWNQ%3D%3D
,,,,https://www.linkedin.com/jobs/view/software-engineering-intern-summer-2025-at-lenovo-4180596684?position=48&pageNum=0&refId=tvbCSK5k6Wu%2BpuBc2yiD0Q%3D%3D&trackingId=OHE%2Bd79DsqjYlG5QfYh1wQ%3D%3D
,,,,https://www.linkedin.com/jobs/view/software-engineer-intern-summer-2025-at-centerfield-4177414792?position=49&pageNum=0&refId=tvbCSK5k6Wu%2BpuBc2yiD0Q%3D%3D&trackingId=K1Ho6%2BmKP%2FN56pjwGm3X2g%3D%3D
,,,,https://www.linkedin.com/jobs/view/software-engineering-intern-summer-2025-at-vantage-4179509068?position=50&pageNum=0&refId=tvbCSK5k6Wu%2BpuBc2yiD0Q%3D%3D&trackingId=3YF6oD%2BQBsr8cVZoBIZ4LA%3D%3D
,,,,https://www.linkedin.com/jobs/view/software-engineer-i-intern-united-states-at-cisco-4034652789?position=51&pageNum=0&refId=tvbCSK5k6Wu%2BpuBc2yiD0Q%3D%3D&trackingId=x8D%2B9pmKXQjlUSzKp5GcJw%3D%3D
,,,,https://www.linkedin.com/jobs/view/software-engineer-internship-summer-2025-at-datavisor-4148184387?position=52&pageNum=0&refId=tvbCSK5k6Wu%2BpuBc2yiD0Q%3D%3D&trackingId=cIIAmWCpwKueV1XuhSXnxg%3D%3D
,,,,https://www.linkedin.com/jobs/view/software-engineer-intern-at-rain-4163322156?position=53&pageNum=0&refId=tvbCSK5k6Wu%2BpuBc2yiD0Q%3D%3D&trackingId=TfOOzXnORR9wFvdpDsqmdg%3D%3D
,,,,https://www.linkedin.com/jobs/view/software-development-intern-at-flexi-software-4173936825?position=54&pageNum=0&refId=tvbCSK5k6Wu%2BpuBc2yiD0Q%3D%3D&trackingId=X83NnJk7KnZrimzu7WAgKA%3D%3D
,,,,https://www.linkedin.com/jobs/view/software-engineer-summer-internship-at-lazarus-ai-4179521486?position=55&pageNum=0&refId=tvbCSK5k6Wu%2BpuBc2yiD0Q%3D%3D&trackingId=5h2mBIawP%2BsB1ocb53nRYg%3D%3D
,,,,https://www.linkedin.com/jobs/view/software-engineering-intern-summer-2025-at-garage-yc-w24-4178548707?position=56&pageNum=0&refId=tvbCSK5k6Wu%2BpuBc2yiD0Q%3D%3D&trackingId=3utV6DaBllrI2hqSQ670NQ%3D%3D
,,,,https://www.linkedin.com/jobs/view/software-engineer-intern-summer-2025-at-roadie-4174965808?position=57&pageNum=0&refId=tvbCSK5k6Wu%2BpuBc2yiD0Q%3D%3D&trackingId=G3we53Sx%2BBUsgX%2BAInfECg%3D%3D
,,,,https://www.linkedin.com/jobs/view/2025-intern-software-engineer-at-adobe-4002615077?position=58&pageNum=0&refId=tvbCSK5k6Wu%2BpuBc2yiD0Q%3D%3D&trackingId=zczzoPsDd87ah2j9vM4bVA%3D%3D
,,,,https://www.linkedin.com/jobs/view/2025-intern-software-engineer-at-adobe-4002614315?position=59&pageNum=0&refId=tvbCSK5k6Wu%2BpuBc2yiD0Q%3D%3D&trackingId=JM%2B2R4jE2cfMMZmHN9M96Q%3D%3D
,,,,https://www.linkedin.com/jobs/view/software-engineering-intern-summer-2025-at-scale-ai-4168157017?position=60&pageNum=0&refId=tvbCSK5k6Wu%2BpuBc2yiD0Q%3D%3D&trackingId=rTHqvwgRgFnsy4mChwIN%2BA%3D%3D
