Job Title,Location,Type,URL
DevCon 2025 - Zone 2 Schools (Freshman and Sophomore Opportunity),N/A,N/A,https://whosnext.tmcf.org/jobs/1569?lang=en-us
2025 Capital One Launchpad: Legacy and Leadership Program,N/A,N/A,https://whosnext.tmcf.org/jobs/1568?lang=en-us
2025 Leadership Institute,N/A,N/A,https://whosnext.tmcf.org/jobs/1521?lang=en-us
2025 Supplier Management & Procurement Pathway for Boeing Regional Technical Talent Development Hub,N/A,N/A,https://whosnext.tmcf.org/jobs/1561?lang=en-us
"2025 TE Connectivity | TMCF Manufacturing Engineer Internship-Middletown, PA.",N/A,N/A,https://whosnext.tmcf.org/jobs/1546?lang=en-us
2025 Boeing | TMCF HBCU Immersion,N/A,N/A,https://whosnext.tmcf.org/jobs/1558?lang=en-us
2025 TMCF Internship Programs,N/A,N/A,https://whosnext.tmcf.org/jobs/1532?lang=en-us
2025 Materials Management Pathway for Boeing Regional Technical Talent Development Hub,N/A,N/A,https://whosnext.tmcf.org/jobs/1562?lang=en-us
2025 CBRE Property Management Internship,N/A,N/A,https://whosnext.tmcf.org/jobs/1565?lang=en-us
"2025 TE Connectivity | TMCF Quality Analyst Internship-(Greensboro, NC. and Middletown, PA.)",N/A,N/A,https://whosnext.tmcf.org/jobs/1537?lang=en-us
"2025 TE Connectivity | TMCF Product Management Internship-Winston Salem, NC.",N/A,N/A,https://whosnext.tmcf.org/jobs/1544?lang=en-us
"2025 TE Connectivity | TMCF Financial Analyst Internship-Remote & Hybrid in Winston Salem, NC.",N/A,N/A,https://whosnext.tmcf.org/jobs/1541?lang=en-us
DevCon 2025 - Zone 2 Schools (Freshman and Sophomore Opportunity),N/A,N/A,https://whosnext.tmcf.org/jobs/1569?lang=en-us
"2025 TE Connectivity | TMCF Product Management Internship-Middletown, PA",N/A,N/A,https://whosnext.tmcf.org/jobs/1531?lang=en-us
TMCF's Innovation and Entrepreneurship Presents: The Pitchâ„¢ 2025,N/A,N/A,https://whosnext.tmcf.org/jobs/1528?lang=en-us
"2025 TE Connectivity | TMCF Mechanical Engineering Internship-Greensboro, NC",N/A,N/A,https://whosnext.tmcf.org/jobs/1538?lang=en-us
2025 PayPal Career Academy,N/A,N/A,https://whosnext.tmcf.org/jobs/1526?lang=en-us
"2025 - 2026 TMCF SOAR (Seeking, Observing, and Achieving Results) Scholar Program",N/A,N/A,https://whosnext.tmcf.org/jobs/1547?lang=en-us
2025 Transportation Analyst Pathway for Boeing Regional Technical Talent Development Hub,N/A,N/A,https://whosnext.tmcf.org/jobs/1563?lang=en-us
2025 Capital One Launchpad: Legacy and Leadership Program,N/A,N/A,https://whosnext.tmcf.org/jobs/1568?lang=en-us
Komar Brands-Warehouse Data Analyst,N/A,N/A,https://whosnext.tmcf.org/jobs/1551?lang=en-us
2025 Leadership Institute,N/A,N/A,https://whosnext.tmcf.org/jobs/1521?lang=en-us
"2025 TE Connectivity | TMCF Mechanical Engineering Internship-Middletown, PA.",N/A,N/A,https://whosnext.tmcf.org/jobs/1542?lang=en-us
2025 Technician & Mechanic Pathway for Boeing Regional Technical Talent Development Hub,N/A,N/A,https://whosnext.tmcf.org/jobs/1560?lang=en-us
TMCF| Novartis Career Readiness Program,N/A,N/A,https://whosnext.tmcf.org/jobs/1530?lang=en-us
"2025 TE Connectivity | TMCF Sales & Marketing Internship-(Troy, MI. and Fuquay-Varina, NC.)",N/A,N/A,https://whosnext.tmcf.org/jobs/1539?lang=en-us
Leaders & Legends Student Testimonial Opportunity,N/A,N/A,https://whosnext.tmcf.org/jobs/1488?lang=en-us
"2025 TE Connectivity | TMCF Product Development Engineer Internship-Winston Salem, NC.",N/A,N/A,https://whosnext.tmcf.org/jobs/1540?lang=en-us
2025 CBRE Sales Brokerage Internship,N/A,N/A,https://whosnext.tmcf.org/jobs/1566?lang=en-us
2025 -2026 Yard Ambassador & Influencer,N/A,N/A,https://whosnext.tmcf.org/jobs/1554?lang=en-us
2025 TMCF | Ally Moguls In The Making,N/A,N/A,https://whosnext.tmcf.org/jobs/1553?lang=en-us
2025 TE Connectivity | TMCF Strategic Sourcing Analyst Internship-Remote,N/A,N/A,https://whosnext.tmcf.org/jobs/1545?lang=en-us
"2025 Sands Hospitality Immersion Program (Las Vegas, NV)",N/A,N/A,https://whosnext.tmcf.org/jobs/1559?lang=en-us
TMCF Alumni Career Connect,N/A,N/A,https://whosnext.tmcf.org/jobs/1359?lang=en-us
Supplier Management & Procurement Pathway for 2024 Boeing Regional Technical Talent Development Hub,N/A,N/A,https://whosnext.tmcf.org/jobs/1497?lang=en-us
